,copies,treat,ID
5-T-1,11.8609499,T,1
5-T-2,11.92247781,T,2
5-T-3,11.78847852,T,3
5-T-4,12.43902979,T,4
5-D-1,9.485228355,D,1
5-D-2,9.801036318,D,2
5-D-3,9.466176514,D,3
5-D-4,9.841681763,D,4
5-S-1,11.13575504,S,1
5-S-2,10.9408803,S,2
5-S-3,11.31143355,S,3
5-S-4,10.83062698,S,4
5-P-1,10.25782758,P,1
5-P-2,11.30515719,P,2
5-P-3,10.67887403,P,3
5-P-4,10.3710617,P,4
